title,view_num,likes
"2022 热 梗 年 度 总 结 ！！！", 2452891, 370216,
"时隔半年！我终于拼出了史诗级别泰坦尼克号！", 1607712, 286867,
"挑战早期B站入站题", 2679314, 409125,
"奶爆新番！一月最值得期待的10部动画！史上最弱1月降临？！【泛式】", 1183056, 116021,
"这玩意都敢翻拍？！〈男子高中生的日常〉——东升高中动漫社", 1115476, 107241,
"海绵diodio ，比奇堡打dio团！（派大星的奇妙冒险—星尘斗士最强op）", 524133, 71335,
"【warma】我最擅长照顾人了!【我这个是上篇】", 1896668, 244719,
"【阿米娅个人向原创手书】群青", 292309, 60897,
"快逃！纸板成精了！！【第三期】！！", 937356, 96281,
"冬天能够温暖我的不是被窝，而是……", 990728, 126071,
"当 代 年 轻 人 生 存 现 状", 445068, 54586,
"关于 hello, world 2022", 482485, 58066,
"《 我 不 是 梗 神 》2021终极融梗", 453987, 56585,
"《B 站 各 等 级 用 户 现 状 ！》（番外篇）", 469238, 46519,
"阿梓的婚后生活", 570111, 37864,
"【大一上学期动画结课作业】雾里", 295506, 60739,
"【泛式】突发恶疾！80小时MAD竟把泛式变成了这样…", 445709, 44012,
"2022年全年值得期待的动漫大作！（暂时）", 568248, 55665,
"西安加油", 502844, 123116,
"花了1年制作的明日方舟动画", 282100, 59270,
"索隆霸王色觉醒！为了野心与挚友的约定！《海贼王》和之国篇第三十集【漫画明说】", 298405, 34700,
"假如打车像抽盲盒", 476447, 59490,
"【原神】甘雨：“你抽了申鹤是吧！是的吧！”", 582803, 41834,
"【怒九】我最擅长照顾人了！【我这个才是上篇】", 915152, 131157,
"【乃琳手书】𝐸𝒾𝓁𝑒𝑒𝓃", 184622, 26387,
"⚠️惊 吓 小 珈 乐⚠️（直播剪辑）", 225962, 35486,
"【原神手书】八重神子的恋爱循环", 261826, 36821,
"一个发型改变一个人", 377244, 44211,
"小夫...快收手吧...外面全是胖虎...", 676752, 78900,
"2022年~阿古茹的第一支舞！！！！！", 349380, 45820,
"【氰化越狱秀】第三屁：贝爷越狱计划", 485004, 39365,
"原 神 运 动 会", 356932, 59778,
"骑 士 踢 亿万级配音员", 379235, 25955,
"【22娘×33娘】哦？听说你还不认识我家33？", 323039, 57804,
"【Shoto】来点病娇", 242898, 38212,
"迷 人 的 猪 子", 402532, 44911,
"【乃琳】且仙且娇，国风舞蹈六连跳【直播】", 124503, 27012,
"【全站最长】火影忍者1-720集“精剪”24小时连播", 874230, 95768,
"319张QQ涂鸦国王排名片头？？", 417518, 43586,
"【波兰球】苏：我好像听到BOSS战音乐了...", 318641, 37959,
"【原神】立本！没有你，👴要怎么活啊！！", 340654, 39612,
"上厕所别玩太久手机！", 471820, 29233,
"【舟年度报告】《 报 菜 名》（要素过多）", 283218, 52191,
"【原神配音】提瓦特萝莉打架", 419298, 32804,
"这就叫浪漫啊", 286302, 21707,
"这画面我都有点不会形容了，伊藤润二真鬼才！《鱼：尸臭来袭1》", 204952, 34075,
"就…就挺秃然的", 570470, 34056,
"《只 要 是 日 语 就 画 风 突 变》", 312816, 29749,
"好不容易逃过一劫，谁知挑战才刚刚开始", 707039, 8872,
"苏轼：怀民亦未寝。张怀民：啊对对对", 7685160, 719590,
"印度：好日子啊！", 735273, 92645,
"【原神】斗斗的奇妙冒险", 189703, 24484,
"真的有这么丝滑吗？油管7000万播放的下午茶套餐，想吃吗？【乐高定格动画】", 1179413, 91411,
"开始更新了", 858390, 39524,
"男生的精力", 1753617, 97568,
"你以为的跨年 VS 实际上的跨年", 643041, 62409,
"啊哈哈哈哈，年度热梗动画来喽！", 326581, 34978,
"勇 敢 熊 熊 不 怕 冷", 523834, 64290,
"【动漫·回忆录】你是从什么时候开始喜欢上动画的？", 146751, 27732,
"评分9.9！播放破亿！这些火遍全网的年度好番一定不能错过！稳！", 202222, 17164,
"【小矛动物园】小鳄鱼爸爸带小鳄鱼去旅游，没想到人很多……", 349711, 17716,
"【原神之裂开吧！旅行者！】第一集：阿贝多你在干嘛呀？优菈你就宠她吧！", 253592, 35310,
"舍友在我毛巾里塞了针", 2291049, 233142,
"九条：唱得好，下次别唱了！！【原神整活】", 116061, 16184,
"【原神】新的一年和甘雨结婚!", 163024, 21604,
"本以为坐飞机去学校就够夸张，谁知联系家长竟比登天还难？", 728636, 825,
"学生人间蒸发，九九夜闯灵异诡校", 506820, 475,
"安兹变回人类？！overlord最惊愕的变局？发誓惩戒整个国家！【骨头故事绘】", 212997, 17232,
"“吊 带 袜 老 板”", 164178, 15729,
"去，给你哥一铃铛", 202275, 26713,
"“41.4万假粉”up终究还是凉了，但是......", 201924, 24899,
"就 是 年 度 总 结", 163681, 27003,
"《 关于我跟老师灵魂交换这件事。。。。》", 3286942, 369979,
"【黑暗欺骗/拟人】runaway baby", 101971, 11969,
"爆肝528小时！我做出了《海绵宝宝》3D同人动画！（3）", 4175259, 494596,
"喜欢这样吗，银灰", 182262, 18013,
"【明日方舟手书】Telecaster B-boy / 能天使&德克萨斯【描改手书】", 76947, 14071,
"活蹦乱跳的肯尼迪.MP4", 210840, 14543,
"【原神手书】以  理  服  人", 158567, 27396,
"王者脑洞所：扁鹊幻想婚后美好生活，关羽半路抢人拆散鸳鸯！", 525110, 33309,
"呐！！！！！！！！！！！！！！！！！！！", 168830, 10911,
"京极这样的男友大概是每个女孩子的理想吧 ，一定，一定，一定要看到最后。", 242935, 41497,
"【原神】巴巴托斯：绳命是如此滴没力！", 158617, 20257,
"❤️空条 承太郎💙", 224282, 22575,
"一口气看完，《超能勇士》全3季！原始兽VS巨无霸", 270373, 16589,
"上流联盟Ⅱ（要素察觉）", 721312, 53235,
"【A-SOUL/乃琳&贝拉】《海底》【50W纪念回剪辑】", 78092, 12340,
"蚌埠住了，这部动漫让我一整年都蚌埠住了！【骚话连篇30期】", 140347, 15409,
"西施：曜仔！你为什么不选我啊啊啊", 157744, 20525,
"「误导向」感人短片《父子》", 220644, 15288,
"【自制动画】《鬼灭之刃》无限城篇（香奈乎单挑童磨 片段）", 2015909, 163378,
"少年嫌弃爷爷丑，没想到爷爷年轻时是妖怪之王，还是第一美男子", 2160038, 144669,
"【千万不要玩】让我玩个毛线的绳子发射器！居然比撸猫还快乐？", 380740, 2191,
"这是不是你找不到对象的原因", 648320, 62980,
"谁将登顶海贼王的宝座？海贼王2021年度盘点，漫画十大名场面回顾！有欢笑、有成长、有热血、有震撼的一年！", 179023, 13390,
"【完结/同人】老爹：接下吧！身为法师的最强一拳！", 200996, 27267,
"熊出没当过警察，抓过强哥，当过保安，当过游客，时隔多年的的他终于回来了!这该死的气质!", 2911272, 13087,
"《关于家里没条件所以用硬纸板做了帝骑变身器这件事》", 148503, 15273,
"鹿老大为了让兄弟战胜对手，竟让他吃掉自己的腿！这才是真爱！", 795795, 1394,
"鬼灭之刃 游郭篇 05.华丽地大干一场吧！", 200643, 10446,
